{"name": "ML4SE", "children": [{"name": "Vulnerability analysis", "children": [{"name": "IEEE Access", "value": 7}, {"name": "ASC", "value": 1}, {"name": "IJCNN", "value": 1}, {"name": "CSE & EUC", "value": 1}, {"name": "SCN", "value": 1}, {"name": "LADC", "value": 2}, {"name": "SIGITE", "value": 1}, {"name": "AAI", "value": 1}, {"name": "ICMLA", "value": 3}, {"name": "WWW ", "value": 1}, {"name": "RAISE", "value": 1}, {"name": "iCAST", "value": 1}, {"name": "ISSTA", "value": 1}, {"name": "ISTR", "value": 1}, {"name": "ARES", "value": 1}, {"name": "ACSAC", "value": 1}, {"name": "IJSAEM", "value": 1}, {"name": "QRS", "value": 1}, {"name": "NIPS", "value": 1}, {"name": "Computers & Electrical Engineering", "value": 1}, {"name": "IWSPA", "value": 1}, {"name": "ISI", "value": 1}, {"name": "PST", "value": 1}, {"name": "ESA", "value": 1}, {"name": "AISC", "value": 1}, {"name": "SERVICES", "value": 1}, {"name": "MOBILESoft", "value": 1}, {"name": "ASEW", "value": 1}, {"name": "CSUR", "value": 1}, {"name": "Computers & Security", "value": 1}, {"name": "JSS", "value": 1}, {"name": "JNCA", "value": 2}, {"name": "ICANN", "value": 1}, {"name": "CC", "value": 1}, {"name": "CCS", "value": 1}, {"name": "TDSC", "value": 1}, {"name": "IJIS", "value": 1}, {"name": "COMPSAC", "value": 1}, {"name": "INTAP", "value": 1}, {"name": "DSC", "value": 2}, {"name": "Journal of Software: Evolution and Process", "value": 1}, {"name": "ICEMIS", "value": 1}, {"name": "Security and Communication Networks", "value": 2}, {"name": "ICONIAA", "value": 1}, {"name": "PLoS ONE", "value": 1}, {"name": "ASE", "value": 1}, {"name": "PAKDD", "value": 1}, {"name": "TSE", "value": 1}, {"name": "MSR", "value": 1}, {"name": "Concurrency and Computation: Practice and Experience", "value": 1}, {"name": "ELECTRONICA", "value": 1}, {"name": "ICDLT", "value": 1}, {"name": "TII", "value": 1}, {"name": "ICSE", "value": 1}, {"name": "NCA", "value": 1}, {"name": "ICICS", "value": 1}, {"name": "IJSIA", "value": 1}, {"name": "DSN", "value": 1}, {"name": "FGCS", "value": 1}, {"name": "KSII Transactions on Internet and Information Systems", "value": 1}, {"name": "EMSE", "value": 1}, {"name": "CNS", "value": 1}, {"name": "T-RL", "value": 1}]}, {"name": "Testing", "children": [{"name": "ICCCNT", "value": 1}, {"name": "IJCAI", "value": 2}, {"name": "SBES", "value": 1}, {"name": "ASC", "value": 3}, {"name": "IJSAEM", "value": 1}, {"name": "FSE", "value": 1}, {"name": "JSS", "value": 1}, {"name": "CISTI", "value": 1}, {"name": "ICRITO", "value": 3}, {"name": "SEN", "value": 1}, {"name": "ICSE", "value": 6}, {"name": "ICST", "value": 2}, {"name": "SNPD", "value": 1}, {"name": "EASE", "value": 1}, {"name": "PACMPL", "value": 2}, {"name": "AAAI", "value": 1}, {"name": "IJAIT", "value": 1}, {"name": "ICBDAC", "value": 1}, {"name": "ITC-CSCC", "value": 1}, {"name": "SBST", "value": 1}, {"name": "MaLTeSQuE", "value": 3}, {"name": "AITest", "value": 1}, {"name": "ICICI", "value": 1}, {"name": "TAIC PART", "value": 1}, {"name": "ICMLSC", "value": 1}, {"name": "ASE", "value": 4}, {"name": "MSR", "value": 2}, {"name": "DPD", "value": 1}, {"name": "T-RL", "value": 2}, {"name": "IJOR", "value": 1}, {"name": "ICCCS", "value": 1}, {"name": "ICTAI", "value": 2}, {"name": "SEKE", "value": 1}, {"name": "EWDTS", "value": 1}, {"name": "SWQD", "value": 1}, {"name": "SEIJ", "value": 1}, {"name": "PIICON", "value": 1}, {"name": "COLA", "value": 1}, {"name": "OOPSLA", "value": 1}, {"name": "STVR", "value": 1}, {"name": "JIPS", "value": 2}, {"name": "INISCOM", "value": 1}, {"name": "IJACSA", "value": 1}, {"name": "AISS", "value": 1}, {"name": "EUROMICRO", "value": 1}, {"name": "Confluence", "value": 2}, {"name": "ICOEI", "value": 1}, {"name": "JSEA", "value": 1}, {"name": "ITNEC", "value": 1}, {"name": "Evolutionary Intelligence", "value": 1}, {"name": "CyberneticsCom", "value": 1}, {"name": "ILP", "value": 1}, {"name": "ICMLA", "value": 1}, {"name": "ComPE", "value": 1}, {"name": "IST", "value": 5}, {"name": "ISSRE", "value": 1}, {"name": "ICTAS", "value": 1}, {"name": "MET", "value": 1}, {"name": "TSE", "value": 6}, {"name": "CybermetricsCOM", "value": 1}, {"name": "ICPC", "value": 1}, {"name": "IEEE Access", "value": 6}, {"name": "APSEC", "value": 1}, {"name": "Machine Learning", "value": 1}, {"name": "JAM", "value": 1}, {"name": "QRS", "value": 1}, {"name": "AISC", "value": 1}, {"name": "Information Sciences", "value": 1}, {"name": "ESE", "value": 1}, {"name": "Technical Journal", "value": 1}, {"name": "CC", "value": 2}, {"name": "Applied Sciences", "value": 1}, {"name": "Neurocomputing", "value": 1}, {"name": "Mathematics", "value": 1}, {"name": "Transactions on Systems, Man, and Cybernetics", "value": 1}, {"name": "MOBILESoft", "value": 1}, {"name": "ESA", "value": 2}, {"name": "IJCIS", "value": 1}, {"name": "Procedia computer science", "value": 1}, {"name": "ISRN", "value": 1}, {"name": "Computers & Electrical Engineering", "value": 1}, {"name": "Applied Intelligence", "value": 1}, {"name": "Vietnam Journal of Computer Science", "value": 1}, {"name": "ICSME", "value": 2}, {"name": "Data-Centric Business and Applications", "value": 1}, {"name": "Soft Computing", "value": 1}, {"name": "IDEAS", "value": 1}, {"name": "system", "value": 1}, {"name": "IJSEA", "value": 1}, {"name": "SANER", "value": 1}]}, {"name": "Refactoring", "children": [{"name": "IST", "value": 1}, {"name": "ESA", "value": 1}, {"name": "APSEC", "value": 1}, {"name": "RE", "value": 1}, {"name": "ICSME", "value": 1}, {"name": "ISEC", "value": 1}, {"name": "SBSE", "value": 1}, {"name": "NIP", "value": 1}, {"name": "ICSEW", "value": 1}, {"name": "TSE", "value": 2}, {"name": "Algorithms", "value": 1}, {"name": "IJCA", "value": 1}, {"name": "ISSRE", "value": 1}, {"name": "ICSM", "value": 1}, {"name": "ESE", "value": 1}, {"name": "SANER", "value": 1}, {"name": "TOSEM", "value": 1}]}, {"name": "Quality assessment", "children": [{"name": "JSS", "value": 4}, {"name": "IJMLC", "value": 1}, {"name": "MaLTeSQuE", "value": 1}, {"name": "ACIE", "value": 1}, {"name": "MLDS", "value": 1}, {"name": "IJRIS", "value": 1}, {"name": "IST", "value": 4}, {"name": "DSN", "value": 1}, {"name": "COMPSAC", "value": 1}, {"name": "IEMECON", "value": 2}, {"name": "JSMS", "value": 1}, {"name": "QICT", "value": 1}, {"name": "SBES", "value": 1}, {"name": "IEEE Access", "value": 4}, {"name": "AJSE", "value": 2}, {"name": "SANER", "value": 3}, {"name": "EMSE", "value": 3}, {"name": "FSE", "value": 2}, {"name": "SPCN", "value": 1}, {"name": "SQJ", "value": 1}, {"name": "ICSME", "value": 1}, {"name": "Book", "value": 2}, {"name": "KBS", "value": 1}, {"name": "ICPC", "value": 1}, {"name": "AAAI", "value": 1}, {"name": "ASE", "value": 1}, {"name": "JIC", "value": 1}, {"name": "TechDebt", "value": 1}, {"name": "ISSREW", "value": 1}, {"name": "ISSRE", "value": 1}, {"name": "ISSTA", "value": 1}, {"name": "BSSCAR", "value": 1}, {"name": "MAPL", "value": 1}, {"name": "ICCSA", "value": 4}, {"name": "SBSI", "value": 1}, {"name": "ICSE", "value": 1}, {"name": "MALTeSQuE", "value": 1}, {"name": "SCAM", "value": 1}, {"name": "JCST", "value": 1}, {"name": "ISEC", "value": 1}, {"name": "OpenSym", "value": 1}, {"name": "ACIS", "value": 1}, {"name": "ICMLA", "value": 1}, {"name": "NCA", "value": 1}, {"name": "TESESDK", "value": 1}, {"name": "AICCSA", "value": 1}, {"name": "ENASE", "value": 1}, {"name": "TSE", "value": 1}, {"name": "IJSEKE", "value": 1}, {"name": "PeerJ Computer Science", "value": 1}, {"name": "International Conference on Technical Debt", "value": 1}, {"name": "Computer Standards & Interfaces", "value": 1}, {"name": "ICWS", "value": 1}, {"name": "ICONIP", "value": 1}, {"name": "AINA", "value": 1}, {"name": "IJCSE", "value": 1}, {"name": "SCP", "value": 1}, {"name": "Developments in Information & Knowledge Management for Business Applications", "value": 1}, {"name": "Journal of Software: Evolution and Process", "value": 1}, {"name": "ICEMIS", "value": 1}, {"name": "IJCNN", "value": 1}, {"name": "Smart and Sustainable Intelligent Systems", "value": 1}, {"name": "IRI", "value": 1}, {"name": "SEIJ", "value": 1}, {"name": "QRS", "value": 1}]}, {"name": "Program synthesis", "children": [{"name": "IJCNN", "value": 1}, {"name": "ACL", "value": 4}, {"name": "PLDI", "value": 2}, {"name": "TOSEM", "value": 2}, {"name": "SoICT", "value": 1}, {"name": "CACM", "value": 2}, {"name": "ASE", "value": 5}, {"name": "POPL", "value": 1}, {"name": "ISSTA", "value": 1}, {"name": "SSBSE", "value": 1}, {"name": "TSE", "value": 2}, {"name": "MSR", "value": 3}, {"name": "ICSE", "value": 8}, {"name": "CSUR", "value": 1}, {"name": "AAAI", "value": 3}, {"name": "CoRR", "value": 3}, {"name": "FSE", "value": 4}, {"name": "CCWC", "value": 1}, {"name": "ICLR", "value": 7}, {"name": "ICCS", "value": 1}, {"name": "ICSC", "value": 1}, {"name": "OOPSLA", "value": 2}, {"name": "ESEM", "value": 1}, {"name": "ICST", "value": 2}, {"name": "NIPS", "value": 2}, {"name": "GI", "value": 1}, {"name": "HPC", "value": 1}, {"name": "NeurIPS", "value": 3}, {"name": "ICSME", "value": 1}, {"name": "ISSRE", "value": 2}, {"name": "ESA", "value": 1}, {"name": "ICML", "value": 2}, {"name": "SANER", "value": 2}, {"name": "CGO", "value": 1}, {"name": "LR", "value": 1}, {"name": "ESE", "value": 1}, {"name": "SIGSOFT", "value": 1}, {"name": "PMLR", "value": 1}, {"name": "JSS", "value": 1}, {"name": "IPDPS", "value": 1}, {"name": "EMNLP", "value": 1}, {"name": "", "value": 1}, {"name": "Science", "value": 1}]}, {"name": "Program comprehension", "children": [{"name": "ICMLA", "value": 2}, {"name": "MSR", "value": 6}, {"name": "EASE", "value": 1}, {"name": "CSUR", "value": 1}, {"name": "JSS", "value": 6}, {"name": "FSE", "value": 2}, {"name": "JSEA", "value": 1}, {"name": "IWESEP", "value": 1}, {"name": "COMPSAC", "value": 2}, {"name": "CCS", "value": 1}, {"name": "ASE", "value": 5}, {"name": "SSPREW", "value": 1}, {"name": "PEPM", "value": 1}, {"name": "IST", "value": 4}, {"name": "NIPS", "value": 1}, {"name": "ICSE", "value": 11}, {"name": "EMSE", "value": 1}, {"name": "SLE", "value": 1}, {"name": "KDD", "value": 1}, {"name": "ICPC", "value": 5}, {"name": "TOPS", "value": 1}, {"name": "3ICT", "value": 1}, {"name": "MaLTeSQuE", "value": 1}, {"name": "", "value": 1}, {"name": "UKCI", "value": 1}, {"name": "TSE", "value": 2}, {"name": "ICSME", "value": 3}, {"name": "Empirical Software Engineering", "value": 1}, {"name": "IJCNN", "value": 1}, {"name": "Journal of Software: Evolution and Process", "value": 1}, {"name": "ICEIS", "value": 1}, {"name": "Symmetry", "value": 1}, {"name": "Journal of Systems and Software", "value": 2}, {"name": "TOSEM", "value": 2}, {"name": "Neural Computing and Applications", "value": 1}, {"name": "SANER", "value": 1}, {"name": "QRS", "value": 1}, {"name": "IEEE Access", "value": 1}, {"name": "IEEE Transactions on Software Engineering", "value": 1}, {"name": "ICSEW", "value": 1}, {"name": "JCST", "value": 1}, {"name": "SAC", "value": 1}, {"name": "ICMSS", "value": 1}, {"name": "NASAC", "value": 1}, {"name": "AAI", "value": 1}, {"name": "TENCON", "value": 1}, {"name": "ICRITO", "value": 1}, {"name": "ESORICS", "value": 1}, {"name": "ESEM", "value": 4}]}, {"name": "General", "children": [{"name": "ASEW", "value": 1}, {"name": "TSE", "value": 1}, {"name": "SQJ", "value": 1}, {"name": "CSUR", "value": 1}]}, {"name": "Dataset mining", "children": [{"name": "MSR", "value": 2}]}, {"name": "Code summarization", "children": [{"name": "ICML", "value": 1}, {"name": "ICPC", "value": 6}, {"name": "MaLTeSQuE", "value": 1}, {"name": "ASE", "value": 4}, {"name": "ICSE", "value": 2}, {"name": "Internetware", "value": 1}, {"name": "ACL", "value": 2}, {"name": "FSE", "value": 2}, {"name": "IJCNN", "value": 1}, {"name": "WWW ", "value": 2}, {"name": "NIPS", "value": 1}, {"name": "EMSE", "value": 1}, {"name": "IEEE Access", "value": 1}, {"name": "TSE", "value": 1}, {"name": "FCS", "value": 1}, {"name": "BigComp", "value": 1}, {"name": "JCST", "value": 1}, {"name": "TOSEM", "value": 1}]}, {"name": "Code Search", "children": [{"name": "ICPC", "value": 1}, {"name": "ASE", "value": 1}, {"name": "MAPL", "value": 1}]}, {"name": "Code review", "children": [{"name": "ICISE", "value": 1}, {"name": "ISCO", "value": 1}, {"name": "SEKE", "value": 1}, {"name": "ICSE", "value": 3}]}, {"name": "Code representation", "children": [{"name": "SANER", "value": 2}, {"name": "PLDI", "value": 1}, {"name": "RL+SE&PL", "value": 2}, {"name": "ICSE", "value": 3}, {"name": "CSUR", "value": 1}, {"name": "COMPSAC", "value": 1}, {"name": "ICSEW", "value": 2}, {"name": "FSE", "value": 3}, {"name": "ICML", "value": 3}, {"name": "CF", "value": 1}, {"name": "ICLR", "value": 2}, {"name": "POPL", "value": 1}, {"name": "CC", "value": 1}, {"name": "AAAI", "value": 1}, {"name": "MSR", "value": 3}, {"name": "OOPSLA", "value": 2}, {"name": "CAV", "value": 1}, {"name": "TOSEM", "value": 1}, {"name": "LAK", "value": 1}, {"name": "SoftwareX", "value": 1}, {"name": "ICST", "value": 1}, {"name": "TSE", "value": 1}, {"name": "ASE", "value": 2}, {"name": "Neurocomputing", "value": 1}, {"name": "FCS", "value": 1}, {"name": "ACL", "value": 1}, {"name": "PMLR", "value": 1}, {"name": "KSEM", "value": 1}, {"name": "NeurIPS", "value": 1}]}, {"name": "Code completion", "children": [{"name": "ICSE", "value": 1}, {"name": "SP", "value": 1}, {"name": "ICPC", "value": 1}, {"name": "IWCIA", "value": 1}, {"name": "ASE", "value": 3}, {"name": "IJCAI", "value": 1}, {"name": "IST", "value": 1}, {"name": "ISCSIC", "value": 1}, {"name": "ITCS", "value": 1}, {"name": "IJSEKE", "value": 1}, {"name": "ICSEW", "value": 1}, {"name": "TOSEM", "value": 1}, {"name": "ICIAI", "value": 1}, {"name": "FSE", "value": 1}, {"name": "APSEC", "value": 1}, {"name": "OOPSLA", "value": 1}, {"name": "KDD", "value": 1}, {"name": "RL+SE&PL", "value": 1}, {"name": "USENIX Security", "value": 1}]}, {"name": "Code search", "children": [{"name": "ICPC", "value": 1}, {"name": "ICSE", "value": 1}]}]}